globalId;questionCode;answerCode;answerSummary;effectId;groupLabel;effectAction;reasoning_DE;relevantVariable1;includedRange1;excludedRange1;relevantVariable2;includedRange2;excludedRange2;scoreChange;condition;answer1;answer2;formulierung1
0;artLV;VL;noShow;0;keine Vorlesung;ausgeschlossen;noShow;0;-;vl, so;-;-;-;-100;true;;Sie haben angegeben, dass es sich um eine Vorlesung handelt.;noShow
1;artLV;SE;noShow;0;kein Seminar;ausgeschlossen;noShow;0;-;se, so;1;-;ringpraes, ringonl, ringhyb1, ringhyb2;-100;true;;Sie haben angegeben, dass es sich um ein Seminar oder eine Übung handelt.;noShow
2;artLV;PR;noShow;0;kein Praktikum;ausgeschlossen;noShow;0;-;pr;-;-;-;-100;true;;Sie haben angegeben, dass es sich um ein Praktikum handelt.;noShow
3;artLV;SO;noShow;0;kein sonstiges Format;ausgeschlossen;noShow;0;-;so;-;-;-;-100;true;;Sie haben angegeben, dass es sich um eine sonstige Art von Lehrveranstaltung handelt.;noShow
4;LZiP;0;noEffect;noEffect;-;-;-;-;-;-;-;-;-;-;-;Laut Ihren Angaben sind alle Lernziele des Kurses sowohl in Präsenz als auch online erreichbar;Sie haben angegeben, dass alle Lernziele des Kurses sowohl in Präsenz als auch online erreichbar sind.;noEffect
5;LZiP;1;Alle Lernziele sind online erreichbar, aber manche nicht so gut online wie in Präsenz.;0;rein-online Lehrformat;nicht empfohlen;wichtige Lernziele online nicht so gut erreichbar sind wie in Präsenz;1;async, onl, ringonl;-;-;-;-;-2;true;Laut Ihren Angaben sind die Lernziele zwar online erreichbar, allerdings nicht so gut wie in Präsenz.;Sie haben angegeben, dass alle Lernziele online erreichbar sind, aber manche davon nicht so gut wie in Präsenz.;Laut Ihren Angaben sind die Lernziele zwar online erreichbar, allerdings nicht so gut wie in Präsenz. Deshalb wird Szenario XYZ als rein-online Lehrformat nicht empfohlen.
6;LZiP;1;Alle Lernziele sind online erreichbar, aber manche nicht so gut online wie in Präsenz.;1;hybrides Lehrformat ohne verpflichtende Präsenzkomponente für Studierende;nicht ideal;manche Studierende könnten prinzipiell nie in Präsenz teilnehmen und bei der Erreichung einiger Lernziele benachteiligt werden;1;hyb, ringhyb2, onlhybwechs, hybrem;-;-;-;-;-1;true;Laut Ihren Angaben sind die Lernziele zwar online erreichbar, allerdings nicht so gut wie in Präsenz.;Sie haben angegeben, dass alle Lernziele online erreichbar sind, aber manche davon nicht so gut wie in Präsenz.;Laut Ihren Angaben sind die Lernziele zwar online erreichbar, allerdings nicht so gut wie in Präsenz. Deshalb wird Szenario XYZ als hybrides Lehrformat ohne verpflichtende Präsenzkomponente für Studierende, nicht ideal, da manche Studierende könnten prinzipiell nie in Präsenz teilnehmen und bei der Erreichung einiger Lernziele benachteiligt werden.
7;LZiP;2;Manche Kurskomponenten müssen zwingend in Präsenz durchgeführt werden.;0;rein-online Lehrformat;ausgeschlossen;essenzielle Lernziele nicht online erreichbar;1;async, onl, ringonl;-;-;-;-;-100;true;Laut Ihren Angaben müssen einige Kurskomponenten zwingend in Präsenz stattfinden.;Sie haben angegeben, dass manche Kurskomponenten zwingend in Präsenz durchgeführt werden müssen.;Sie haben angegeben, dass einige Kurskomponenten zwingend in Präsenz stattfinden müssen. Aus diesem Grund ist Szenario XYZ als rein-online Lehrformat, ausgeschlossen, weil sonst essenzielle Lernziele nicht online erreichbar wären.
8;LZiP;2;Manche Kurskomponenten müssen zwingend in Präsenz durchgeführt werden.;1;hybrides Lehrformat ohne verpflichtende Präsenzkomponente für Studierende;nicht empfohlen;manche Studierende könnten prinzipiell nie in Präsenz teilnehmen und bei der Erreichung essenzieller Lernziele benachteiligt werden;1;hyb, ringhyb2, onlhybwechs, hybrem;-;-;-;-;-3;true;Laut Ihren Angaben müssen einige Kurskomponenten zwingend in Präsenz stattfinden.;Sie haben angegeben, dass manche Kurskomponenten zwingend in Präsenz durchgeführt werden müssen.;Sie haben angegeben, dass einige Kurskomponenten zwingend in Präsenz stattfinden müssen. Aus diesem Grund ist Szenario XYZ als hybrides Lehrformat ohne verpflichtende Präsenzkomponente nicht empfohlen. Grund dafür ist, manche Studierende könnten prinzipiell nie in Präsenz teilnehmen und bei der Erreichung essenzieller Lernziele benachteiligt werden.
9;LZsy;0;Synchrone Interaktion ist hilfreich aber nicht notwendig für die Lernziele.;0;hohes Maß an synchroner Interaktion;ausgeschlossen;-;2;2;-;-;-;-;-100;true;Laut Ihren Angaben ist synchrone Interaktion hilfreich, aber nicht notwendig für die Lernziele ;Sie haben angegeben, dass synchrone Interaktion hilfreich, aber nicht notwendig für die Lernziele ist.;Laut Ihren Angaben passt Szenario XYZ als hohes Maß an synchroner Interaktion, nicht, weil Sie sich wenige synchrone Interaktion wünschen.
10;LZsy;0;Synchrone Interaktion ist hilfreich aber nicht notwendig für die Lernziele.;1;eher frontales Unterrichtsformat;empfohlen;Lehrperson wünscht sich wenige synchrone Interaktion;2;0;-;-;-;-;1;true;;Sie haben angegeben, dass synchrone Interaktion hilfreich, aber nicht notwendig für die Lernziele ist.;Basierend auf Ihre Angaben wird Szenario XYZ als eher frontales Unterrichtsformat empfohlen, weil Sie sich wenige synchrone Interaktion wünschen.
11;LZsy;1;Synchrone Interaktion verbessert die Lernerfahrung erheblich, ist aber nicht zwingend erforderlich.;0;eher frontales Unterrichtsformat;ausgeschlossen;synchrone Interaktion wird im Kurs gewünscht;2;0;-;-;-;-;-100;true;;Sie haben angegeben, dass synchrone Interaktion die Lernerfahrung erheblich verbessert, aber nicht zwingend erforderlich ist.;Laut Ihren Angaben passt Szenario XYZ als eher frontales Unterrichtsformat, nicht optimal, weil synchrone Interaktion wird im Kurs gewünscht.
12;LZsy;1;Synchrone Interaktion verbessert die Lernerfahrung erheblich, ist aber nicht zwingend erforderlich.;1;mittleres Maß an synchroner Interaktion;empfohlen;synchrone Interaktion wird im Kurs gewünscht;2;1;-;-;-;-;1;true;;Sie haben angegeben, dass synchrone Interaktion die Lernerfahrung erheblich verbessert, aber nicht zwingend erforderlich ist.;Laut Ihren Angaben wird Szenario XYZ als mittleres Maß an synchroner Interaktion, nicht empfohlen, weil synchrone Interaktion wird im Kurs gewünscht.
13;LZsy;1;Synchrone Interaktion verbessert die Lernerfahrung erheblich, ist aber nicht zwingend erforderlich.;2;rein-asynchrones Format;nicht geeignet;wichtige Lernziele können laut der Angaben der Lehrperson nie asynchron erreicht werden;3;4;-;-;-;-;-4;true;;Sie haben angegeben, dass synchrone Interaktion die Lernerfahrung erheblich verbessert, aber nicht zwingend erforderlich ist.;Laut Ihren Angaben ist Szenario XYZ als rein-asynchrones Format, nicht geeignet, weil wichtige Lernziele können laut der Angaben der Lehrperson nie asynchron erreicht werden.
14;LZsy;1;Synchrone Interaktion verbessert die Lernerfahrung erheblich, ist aber nicht zwingend erforderlich.;3;Format mit asynchroner Teilnahmealternative;nicht empfohlen;manche Studierende könnten prinzipiell nie synchron teilnehmen und dabei wichtige synchrone Lernziele verpassen;3;3;-;-;-;-;-2;true;;Sie haben angegeben, dass synchrone Interaktion die Lernerfahrung erheblich verbessert, aber nicht zwingend erforderlich ist.;Laut Ihren Angaben passt Szenario XYZ als Format mit asynchroner Teilnahmealternative, nicht optimal, weil manche Studierende könnten prinzipiell nie synchron teilnehmen und dabei wichtige synchrone Lernziele verpassen.
15;LZsy;2;Synchrone Interaktion ist essenziell, da manche Lernziele ohne sie nicht erreichbar sind.;0;Veranstaltung, die prinzipiell völlig asynchron besucht werden könnte;ausgeschlossen;manche Studierende könnten prinzipiell nie synchron teilnehmen und dabei essentielle synchrone Lernziele verpassen;3;3, 4;-;-;-;-;-100;true;;Sie haben angegeben, dass synchrone Interaktion essenziell ist, da manche Lernziele ohne sie nicht erreichbar sind.;Laut Ihren Angaben passt Szenario XYZ als Veranstaltung, die prinzipiell völlig asynchron besucht werden könnte, nicht optimal, weil manche Studierende könnten prinzipiell nie synchron teilnehmen und dabei essentielle synchrone Lernziele verpassen.
16;LZsy;2;Synchrone Interaktion ist essenziell, da manche Lernziele ohne sie nicht erreichbar sind.;1;klein bis mittleres Maß an synchroner Interaktion;ausgeschlossen;Viel synchrone Interaktion wird im Kurs benötigt.;2;0, 1;-;-;-;-;-100;true;;Sie haben angegeben, dass synchrone Interaktion essenziell ist, da manche Lernziele ohne sie nicht erreichbar sind.;Laut Ihren Angaben passt Szenario XYZ als klein bis mittleres Maß an synchroner Interaktion, nicht optimal, weil Viel synchrone Interaktion wird im Kurs benötigt.
17;LZsy;2;Synchrone Interaktion ist essenziell, da manche Lernziele ohne sie nicht erreichbar sind.;2;hohes Maß an synchroner Interaktion;empfohlen;Synchrone Interaktion ist essentiell für manche Lernziele;2;2;-;-;-;-;1;true;;Sie haben angegeben, dass synchrone Interaktion essenziell ist, da manche Lernziele ohne sie nicht erreichbar sind.;Laut Ihren Angaben passt Szenario XYZ als hohes Maß an synchroner Interaktion, nicht optimal, weil Synchrone Interaktion ist essentiell für manche Lernziele.
18;niePr;nein;noEffect;noEffect;-;-;-;-;-;-;-;-;-;-;-;;Sie haben angegeben, dass alle Studierenden in Präsenz teilnehmen können.;noEffect
19;niePr;ja;Es gibt Studierende, die nicht in Präsenz teilnehmen können, oder Sie möchten für diesen Fall vorbereitet sein.;0;Format mit exklusiv-vor-Ort Teilnahme ohne asynchrone Teilnahmemöglichkeit;ausgeschlossen;Studierende, die nie vor Ort den Kurs besuchen können, sind extrem benachteiligt, wenn Kernkomponente des Kurses nur in Präsenz stattfinden.;1;praes, ringpraes, rem, reinhyb1, grwechs, praesonlwechs, praeshybwechs, onlpraeswechs, hybpraeswechs;-;3;-;3;-100;true;;Sie haben angegeben, dass es Studierende gibt, die nicht in Präsenz teilnehmen können, oder dass Sie für diesen Fall vorbereitet sein möchten.;Laut Ihren Angaben passt Szenario XYZ als Format mit exklusiv-vor-Ort Teilnahme ohne asynchrone Teilnahmemöglichkeit, nicht optimal, weil Studierende, die nie vor Ort den Kurs besuchen können, sind extrem benachteiligt, wenn Kernkomponente des Kurses nur in Präsenz stattfinden..
20;niePr;ja;Es gibt Studierende, die nicht in Präsenz teilnehmen können, oder Sie möchten für diesen Fall vorbereitet sein.;1;Format mit exklusiv-vor-Ort Teilnahme mit asynchroner Teilnahmemöglichkeit;nicht empfohlen;Studierende, die nie vor Ort den Kurs besuchen können, sind extrem benachteiligt, wenn Kernkomponente des Kurses nur in Präsenz stattfinden. Eine asynchrone Teilnahmemöglichkeit mildert diesen negativen Effekt, aber nicht ganz.;1;praes, ringpraes, rem, reinhyb1, grwechs, praesonlwechs, praeshybwechs, onlpraeswechs, hybpraeswechs;-;3;-;3;-2;true;;Sie haben angegeben, dass es Studierende gibt, die nicht in Präsenz teilnehmen können, oder dass Sie für diesen Fall vorbereitet sein möchten.;Laut Ihren Angaben passt Szenario XYZ als Format mit exklusiv-vor-Ort Teilnahme mit asynchroner Teilnahmemöglichkeit, nicht optimal, weil Studierende, die nie vor Ort den Kurs besuchen können, sind extrem benachteiligt, wenn Kernkomponente des Kurses nur in Präsenz stattfinden. Eine asynchrone Teilnahmemöglichkeit mildert diesen negativen Effekt, aber nicht ganz..
21;nieSync;nein;noEffect;noEffect;-;-;-;-;-;-;-;-;-;-;-;;Sie haben angegeben, dass alle Studierenden synchron teilnehmen können.;noEffect
22;nieSync;ja;Es gibt Studierende, die nicht synchron teilnehmen können, oder Sie möchten für diesen Fall vorbereitet sein.;0;exklusiv synchrones Format;ausgeschlossen;Studierende, die wegen Einschränkungen die Kurssitzungen nicht synchron besuchen können, werden fast alle Komponente des Kurses verpassen.;3;0;-;-;-;-;-100;true;;Sie haben angegeben, dass es Studierende gibt, die nicht synchron teilnehmen können, oder dass Sie für diesen Fall vorbereitet sein möchten.;Laut Ihren Angaben passt Szenario XYZ als exklusiv synchrones Format, nicht optimal, weil Studierende, die wegen Einschränkungen die Kurssitzungen nicht synchron besuchen können, werden fast alle Komponente des Kurses verpassen..
23;nieSync;ja;Es gibt Studierende, die nicht synchron teilnehmen können, oder Sie möchten für diesen Fall vorbereitet sein.;1;Format mit ergänzender Nacharbeit, die aber die synchrone Teilnahme nicht ersetzen könnte;nicht empfohlen;Studierende, die wegen Einschränkungen die Kurssitzungen nicht synchron besuchen können, werden viele Inhalte des Kurses verpassen.;3;1;-;-;-;-;-2;true;;Sie haben angegeben, dass es Studierende gibt, die nicht synchron teilnehmen können, oder dass Sie für diesen Fall vorbereitet sein möchten.;Laut Ihren Angaben passt Szenario XYZ als Format mit ergänzender Nacharbeit, die aber die synchrone Teilnahme nicht ersetzen könnte, nicht optimal, weil Studierende, die wegen Einschränkungen die Kurssitzungen nicht synchron besuchen können, werden viele Inhalte des Kurses verpassen..
24;nieSync;ja;Es gibt Studierende, die nicht synchron teilnehmen können, oder Sie möchten für diesen Fall vorbereitet sein.;2;Format mit ergänzender Vor- und Nacharbeit, die aber die synchrone Teilnahme nicht ersetzen könnten;nicht ideal;Studierende, die wegen Einschränkungen die Kurssitzungen nicht synchron besuchen können, werden einige Inhalte des Kurses verpassen.;3;2;-;-;-;-;-1;true;;Sie haben angegeben, dass es Studierende gibt, die nicht synchron teilnehmen können, oder dass Sie für diesen Fall vorbereitet sein möchten.;Laut Ihren Angaben passt Szenario XYZ als Format mit ergänzender Vor- und Nacharbeit, die aber die synchrone Teilnahme nicht ersetzen könnten, nicht optimal, weil Studierende, die wegen Einschränkungen die Kurssitzungen nicht synchron besuchen können, werden einige Inhalte des Kurses verpassen..
25;nieSync;ja;Es gibt Studierende, die nicht synchron teilnehmen können, oder Sie möchten für diesen Fall vorbereitet sein.;3;Veranstaltung, die prinzipiell völlig asynchron besucht werden könnte;empfohlen;Studierende, die wegen Einschränkungen die Kurssitzungen nicht synchron besuchen können, können trotzdem alle wichtigen Lernziele des Kurses erreichen;3;3, 4;-;-;-;-;1;LZsy!=2;;Sie haben angegeben, dass es Studierende gibt, die nicht synchron teilnehmen können, oder dass Sie für diesen Fall vorbereitet sein möchten.;Laut Ihren Angaben passt Szenario XYZ als Veranstaltung, die prinzipiell völlig asynchron besucht werden könnte, nicht optimal, weil Studierende, die wegen Einschränkungen die Kurssitzungen nicht synchron besuchen können, können trotzdem alle wichtigen Lernziele des Kurses erreichen.
26;regAbw;nein;noEffect;noEffect;-;-;-;-;-;-;-;-;-;-;-;;Sie haben angegeben, dass Sie (als Lehrperson) während des Semesters immer anwesend sein werden.;noEffect
27;regAbw;abundzu;Sie werden gelegentlich abwesend sein (z. B. Konferenzen).;0;Hybrides Format;sehr empfohlen;hybride Formate mit einer existierenden online Infrastruktur können sehr einfach für einzelne Sitzungen so stattfinden, dass die Lehrperson sich von einem anderen Ort zuschaltet ;1;praeshybwechs, hyb, ringhyb1, ringhyb2, hybrem, hybpraeswechs;-;-;-;-;2;true;;Sie haben angegeben, dass Sie gelegentlich abwesend sein werden (z. B. Konferenzen).;Sie haben angegeben, dass Sie als Lehrperson gelegentlich abwesend sein werden (z.B. Konferenzreisen). Dafür wird Szenario XYZ als Hybrides Format sehr empfohlen, denn hybride Formate mit einer existierenden online Infrastruktur können sehr einfach für einzelne Sitzungen so stattfinden, dass die Lehrperson sich von einem anderen Ort zuschaltet.
28;regAbw;abundzu;Sie werden gelegentlich abwesend sein (z. B. Konferenzen).;1;Präsenzformat mit Wechsel zum Online-Unterricht;sehr empfohlen;an Tagen, wenn die Lehrperson nicht im Campus ist, können Sitzungen ohne Unterbechung online oder hybrid stattfinden.;1;praesonlwechs;-;-;-;-;2;true;;Sie haben angegeben, dass Sie gelegentlich abwesend sein werden (z. B. Konferenzen).;Sie haben angegeben, dass Sie als Lehrperson gelegentlich abwesend sein werden (z.B. Konferenzreisen). Dafür wird Szenario XYZ als Präsenzformat mit Wechsel zum Online-Unterricht sehr empfohlen, denn wenn Sie abwesend sind, können Sitzungen ohne Unterbechung online oder hybrid stattfinden.
29;regAbw;abundzu;Sie werden gelegentlich abwesend sein (z. B. Konferenzen).;2;Format ohne vorgesehene Teilnahme von Einzelpersonen;nicht ideal;ohne eine geplante online Infrastruktur für den Kurs müssen Sitzungen ausfallen, wenn die Lehrperson nicht vor Ort ist. Das kann dazu führen, dass im Kurs insgesamt weniger Inhalte abgedeckt werden;1;praes, ringpraes, rem, grwechs;-;-;-;-;-1;true;;Sie haben angegeben, dass Sie gelegentlich abwesend sein werden (z. B. Konferenzen).;Als Lehrformat ohne vorgesehene Online-Teilnahme von Einzelpersonen passt Szenario XYZ nicht optimal dazu, weil Sitzungen ausfallen müssten, wenn die Lehrperson nicht vor Ort ist. Das kann dazu führen, dass im Kurs insgesamt weniger Inhalte abgedeckt werden.
30;regAbw;oft;Sie werden häufig abwesend sein (z. B. Sabbatjahr).;0;völlig oder hauptsächlich online Forma;sehr empfohlen;Studierende können die Vorteile des synchronen Unterrichts auch dann nutzen, wenn die Lehrperson sich während des Semesters vorübergehend an einem anderen Ort befindet;1;onl, ringonl, onlpraeswechs, onlhybwechs;-;-;-;-;2;true;;Sie haben angegeben, dass Sie häufig abwesend sein werden (z. B. Sabbatjahr).;Laut Ihren Angaben passt Szenario XYZ als völlig oder hauptsächlich online Forma, nicht optimal, weil Studierende können die Vorteile des synchronen Unterrichts auch dann nutzen, wenn die Lehrperson sich während des Semesters vorübergehend an einem anderen Ort befindet.
31;regAbw;oft;Sie werden häufig abwesend sein (z. B. Sabbatjahr).;1;rein-asynchrone Option;sehr empfohlen;die Studierenden können auf das Kursmaterial zugreifen und ihre Studien fortsetzen, auch wenn die Lehrperson oft vom Campus abwesend ist;3;4;-;-;-;-;2;true;;Sie haben angegeben, dass Sie häufig abwesend sein werden (z. B. Sabbatjahr).;Laut Ihren Angaben passt Szenario XYZ als rein-asynchrone Option, nicht optimal, weil die Studierenden können auf das Kursmaterial zugreifen und ihre Studien fortsetzen, auch wenn die Lehrperson oft vom Campus abwesend ist.
32;begrAnz;nein;Die Anzahl der Teilnehmenden ist nicht eingeschränkt.;0;Hybrides Format mit Gruppenwechsel zwischen online und Präsenz;ausgeschlossen;es gibt keinen Grund, warum die Veranstaltung als Gruppenwechsel zwischen Online- und Präsenzteilnahme stattfinden sollte;1;grwechs;-;-;-;-;-100;true;;Sie haben angegeben, dass die Anzahl der Teilnehmenden im Lehrraum nicht eingeschränkt ist.;Laut Ihren Angaben passt Szenario XYZ als Hybrides Format mit Gruppenwechsel zwischen online und Präsenz, nicht optimal, weil es gibt keinen Grund, warum die Veranstaltung als Gruppenwechsel zwischen Online- und Präsenzteilnahme stattfinden sollte.
33;begrAnz;ja;Die Anzahl der Teilnehmenden ist durch Kapazitäten eingeschränkt.;0;Hybrides Format mit Gruppenwechsel zwischen online und Präsenz;empfohlen;bei einem Gruppenwechsel zwischen Online- und Präsenzteilnahme können alle Studierenden zu verschiedenen Zeitpunkte die Vorteile der Präsenzteilnahme nutzen, auch wenn der Lehrraum eine begrenzte Kapazität hat;1;grwechs;-;-;-;-;2;true;;Sie haben angegeben, dass die Anzahl der Teilnehmenden durch Kapazitäten des Lehrraums eingeschränkt ist.;Laut Ihren Angaben passt Szenario XYZ als Hybrides Format mit Gruppenwechsel zwischen online und Präsenz, nicht optimal, weil bei einem Gruppenwechsel zwischen Online- und Präsenzteilnahme können alle Studierenden zu verschiedenen Zeitpunkte die Vorteile der Präsenzteilnahme nutzen, auch wenn der Lehrraum eine begrenzte Kapazität hat.
34;onlBereit;kein;Sie möchten ausschließlich in Präsenz unterrichten.;0;Format bei dem die Lehrperson teilweise oder ganz online unterrichtet;ausgeschlossen;Die Lehrperson möchte ausschließlich in Präsenz unterrichten;1;async, onl, ringonl, onhybwechs, onlpraeswechs, praesonlwechs;-;-;-;-;-100;true;;Sie haben angegeben, dass Sie ausschließlich in Präsenz unterrichten möchten.;Laut Ihren Angaben passt Szenario XYZ als Format bei dem die Lehrperson teilweise oder ganz online unterrichtet, nicht optimal, weil Die Lehrperson möchte ausschließlich in Präsenz unterrichten.
35;onlBerit;geleg;Sie sind bereit, gelegentlich online zu unterrichten, bevorzugen aber Präsenz.;0;Format bei dem die Lehrperson immer online unterrichtet;ausgeschlossen;die Lehrperson möchte nur gelegentlich von online aus zu unterrichten;1;async, onl, ringonl;-;-;-;-;-100;true;;Sie haben angegeben, dass Sie bereit sind, gelegentlich online zu unterrichten, aber Präsenz bevorzugen.;Laut Ihren Angaben passt Szenario XYZ als Format bei dem die Lehrperson immer online unterrichtet, nicht optimal, weil die Lehrperson möchte nur gelegentlich von online aus zu unterrichten.
36;onlBereit;geleg;Sie sind bereit, gelegentlich online zu unterrichten, bevorzugen aber Präsenz.;1;Format bei dem die Lehrperson öfter als nur gelegentlich online unterrichtet;nicht ideal;die Lehrperson möchte gelegentlich, aber nicht hauptsächlich, von online aus zu unterrichten;1;onlhybwechs, onlpraeswechs;-;-;-;-;-1;true;;Sie haben angegeben, dass Sie bereit sind, gelegentlich online zu unterrichten, aber Präsenz bevorzugen.;Laut Ihren Angaben passt Szenario XYZ als Format bei dem die Lehrperson öfter als nur gelegentlich online unterrichtet, nicht optimal, weil die Lehrperson möchte gelegentlich, aber nicht hauptsächlich, von online aus zu unterrichten.
37;onlBereit;viel;Sie möchten so viel wie möglich online unterrichten.;0;überwiegend online Option für die Lehrperson;sehr empfohlen;die Lehrperson und die Studierenden können sowohl von der Flexibiltät der häufigen Online-Lehre als auch von der gelegentliche persönliche Anwesenheit profitieren;1;onlhybwechs, onlpraeswechs;-;-;-;-;2;true;;Sie haben angegeben, dass Sie so viel wie möglich online unterrichten möchten.;Laut Ihren Angaben passt Szenario XYZ als überwiegend online Option für die Lehrperson, nicht optimal, weil die Lehrperson und die Studierenden können sowohl von der Flexibiltät der häufigen Online-Lehre als auch von der gelegentliche persönliche Anwesenheit profitieren.
38;onlBereit;viel;Sie möchten so viel wie möglich online unterrichten.;1;rein-online Option;stark empfohlen;wenn Lernziele sowohl in Präsenz als auch online gut erreichbar sind, dann wäre die rein-online Lehre eine gute Option, um maximale Flexibilität zu schaffen;1;onl, ringonl;-;-;-;-;3;LZiP=0;;Sie haben angegeben, dass Sie so viel wie möglich online unterrichten möchten.;Laut Ihren Angaben passt Szenario XYZ als rein-online Option, nicht optimal, weil wenn Lernziele sowohl in Präsenz als auch online gut erreichbar sind, dann wäre die rein-online Lehre eine gute Option, um maximale Flexibilität zu schaffen.
39;onlBereit;viel;Sie möchten so viel wie möglich online unterrichten.;2;rein-online Option;empfohlen;"wenn die Lehrperson viel online unterrichten möchte, bieten reine Optionen Flexibilität; wenn es aber keine verpflichtende Präsenzkomponente im Kurs gibt, könnten manche Lernziele des Kurses nicht so gut erreicht werden.";1;onl, ringonl;-;-;-;-;1;LZiP=1;;Sie haben angegeben, dass Sie so viel wie möglich online unterrichten möchten.;"Laut Ihren Angaben passt Szenario XYZ als rein-online Option, nicht optimal, weil wenn die Lehrperson viel online unterrichten möchte, bieten reine Optionen Flexibilität; wenn es aber keine verpflichtende Präsenzkomponente im Kurs gibt, könnten manche Lernziele des Kurses nicht so gut erreicht werden.."
40;onlBereit;egal;noEffect;noEffect;-;-;-;-;-;-;-;-;-;-;-;;Sie haben angegeben, dass es für Sie keine Rolle spielt, ob Sie online oder in Präsenz unterrichten.;noEffect
41;limZPSt;nein;Die meisten Studierenden haben keine eingeschränkten Zeitpläne.;0;Veranstaltung, die prinzipiell völlig asynchron besucht werden könnte;nicht so sinnvoll;Wenn alle synchron teilnehmen können und Zeit haben, dann gibt es keinen besonderen Grund für eine asynchrone Teilnahmeoption.;3;3, 4;-;-;-;-;-1;nieSync=nein;;Sie haben angegeben, dass die meisten Studierenden keine eingeschränkten Zeitpläne haben.;Laut Ihren Angaben passt Szenario XYZ als Veranstaltung, die prinzipiell völlig asynchron besucht werden könnte, nicht optimal, weil Wenn alle synchron teilnehmen können und Zeit haben, dann gibt es keinen besonderen Grund für eine asynchrone Teilnahmeoption..
42;limZPSt;nein;Die meisten Studierenden haben keine eingeschränkten Zeitpläne.;1;Format bei dem regelmäßige Vor- und Nacharbeit von den Studierenden erwartet wird;empfohlen;Solange alle Studierende genug Zeit dafür haben, wird eine strukturierte regelmäßige Vor- und Nacharbeit das Erreichen der Lernziele des Kurses weiter verstärken;3;2;-;-;-;-;1;true;;Sie haben angegeben, dass die meisten Studierenden keine eingeschränkten Zeitpläne haben.;Laut Ihren Angaben passt Szenario XYZ als Format bei dem regelmäßige Vor- und Nacharbeit von den Studierenden erwartet wird, nicht optimal, weil Solange alle Studierende genug Zeit dafür haben, wird eine strukturierte regelmäßige Vor- und Nacharbeit das Erreichen der Lernziele des Kurses weiter verstärken.
43;limZPSt;ja;Die meisten Studierenden haben eingeschränkte Zeitpläne.;0;Veranstaltung, die prinzipiell völlig asynchron besucht werden könnte;sehr empfohlen;Die Option einer asynchronen Teilnahme bietet Studierenden mit einem engen oder vollem Zeitplan mehr Flexibilität, an dem Kurs teilzunehmen ohne wichtige Inhalte zu verpassen;3;3, 4;-;-;-;-;2;true;;Sie haben angegeben, dass die meisten Studierenden eingeschränkte Zeitpläne haben.;Laut Ihren Angaben passt Szenario XYZ als Veranstaltung, die prinzipiell völlig asynchron besucht werden könnte, nicht optimal, weil Die Option einer asynchronen Teilnahme bietet Studierenden mit einem engen oder vollem Zeitplan mehr Flexibilität, an dem Kurs teilzunehmen ohne wichtige Inhalte zu verpassen.
44;limZPSt;ja;Die meisten Studierenden haben eingeschränkte Zeitpläne.;1;rein synchrones Format ohne zusätzliche Vor-oder Nacharbeit;empfohlen;obwohl sie keine Flexibilität anbieten, erlaubt diese Option den Studierenden mit einem engen Zeitplan alle wichtigen Lerninhalte innerhalb der synchronen Sitzungen abzudecken;3;0;-;-;-;-;1;true;;Sie haben angegeben, dass die meisten Studierenden eingeschränkte Zeitpläne haben.;Laut Ihren Angaben haben die meisten Studierenden eingeschränkte Zeitpläne. Dazu passt Szenario XYZ als rein synchrones Format ohne zusätzliche Vor-oder Nacharbeit gut, weil es den Studierenden mit einem engen Zeitplan erlaubt, alle wichtigen Lerninhalte innerhalb der synchronen Sitzungen abzudecken.
45;limZPSt;ja;Die meisten Studierenden haben eingeschränkte Zeitpläne.;2;Format bei dem regelmäßige Vor- und Nacharbeit von den Studierenden erwartet wird;nicht empfohlen;Studierende mit einem begrenzten Zeitplan werden wahrscheinlich Schwierigkeiten haben, regelmäßige Aufgaben in strengen Intervallen zu erledigen;3;2;-;-;-;-;-2;true;;Sie haben angegeben, dass die meisten Studierenden eingeschränkte Zeitpläne haben.;Laut Ihren Angaben passt Szenario XYZ als Format bei dem regelmäßige Vor- und Nacharbeit von den Studierenden erwartet wird, nicht optimal, weil Studierende mit einem begrenzten Zeitplan werden wahrscheinlich Schwierigkeiten haben, regelmäßige Aufgaben in strengen Intervallen zu erledigen.
46;limZPSt;ja;Die meisten Studierenden haben eingeschränkte Zeitpläne.;3;Formate bei dem Studierende oft oder prinzipiell immer synchron-online teilnehmen könnten ;empfohlen;Die Option einer online Teilnhame kann (z.B. durch die Minimierung des Pendelns) mehr Flexibilität für Studierende anbieten, die einen begrenzten Zeitplan haben;1;hyb, onl, ringonl, ringhyb2, onlhybwechs, hybrem;-;-;-;-;1;LZiP!=2;;Sie haben angegeben, dass die meisten Studierenden eingeschränkte Zeitpläne haben.;Laut Ihren Angaben passt Szenario XYZ als Formate bei dem Studierende oft oder prinzipiell immer synchron-online teilnehmen könnten, nicht optimal, weil Die Option einer online Teilnhame kann (z.B. durch die Minimierung des Pendelns) mehr Flexibilität für Studierende anbieten, die einen begrenzten Zeitplan haben.
47;limZPSt;ja;Die meisten Studierenden haben eingeschränkte Zeitpläne.;4;Formate mit einer verpflichtenden Präsenzkomponente, bei dem Studierende oft synchron-online teilnehmen könnten ;empfohlen;Die Option einer online Teilnhame kann (z.B. durch die Minimierung des Pendelns) mehr Flexibilität für Studierende anbieten, die einen begrenzten Zeitplan haben;1;onlpraeswechs, hybpraeswechs;-;-;-;-;1;true;;Sie haben angegeben, dass die meisten Studierenden eingeschränkte Zeitpläne haben.;Laut Ihren Angaben passt Szenario XYZ als Formate mit einer verpflichtenden Präsenzkomponente, bei dem Studierende oft synchron-online teilnehmen könnten, nicht optimal, weil Die Option einer online Teilnhame kann (z.B. durch die Minimierung des Pendelns) mehr Flexibilität für Studierende anbieten, die einen begrenzten Zeitplan haben.
48;limZPSt;idk;noEffect;noEffect;-;-;-;-;-;-;-;-;-;-;-;;Sie haben angegeben, dass Sie sich nicht sicher sind, ob die Studierenden eingeschränkte Zeitpläne haben.;noEffect
49;onlZugang;nein;Nicht alle Studierenden haben außerhalb des Lehrraums Zugang zu einem geeigneten Gerät oder einer Umgebung.;0;Option mit einem verpflichtenden Online-Anteil;ausgeschlossen;Studierende, die nicht in der Lage sind, an Sitzungen via Webkonferenz teilnzunehmen, wären von manchen Kurskomponenten komplett ausgeschlossen;1;onl, ringonl, praesonlwechs, onlpraeswechs, onlhybwechs;-;3;-;3, 4;-100;true;;Sie haben angegeben, dass manche Studierende keinen Zugang  zu einem geeigneten Gerät oder einer Umgebung außerhalb des Lehrraums für Online-Lernen  haben.;Laut Ihren Angaben passt Szenario XYZ als Option mit einem verpflichtenden Online-Anteil, nicht optimal, weil Studierende, die nicht in der Lage sind, an Sitzungen via Webkonferenz teilnzunehmen, wären von manchen Kurskomponenten komplett ausgeschlossen.
50;onlZugang;nein;Nicht alle Studierenden haben außerhalb des Lehrraums Zugang zu einem geeigneten Gerät oder einer Umgebung.;1;Option mit einem großen verpflichtenden Online-Anteil;nicht geeignet;Studierende, die nicht in der Lage sind, an Sitzungen via Webkonferenz teilnzunehmen, wären bei manchen synchronen Kurskomponenten benachteiligt, auch wenn eine asynchrone Teilnahmealternative entsteht;1;onl, ringonl, onlpraeswechs, onlhybwechs;;3;3, 4;-;-3;true;;Sie haben angegeben, dass manche Studierende keinen Zugang  zu einem geeigneten Gerät oder einer Umgebung außerhalb des Lehrraums für Online-Lernen  haben.;Laut Ihren Angaben passt Szenario XYZ als Option mit einem großen verpflichtenden Online-Anteil, nicht optimal, weil Studierende, die nicht in der Lage sind, an Sitzungen via Webkonferenz teilnzunehmen, wären bei manchen synchronen Kurskomponenten benachteiligt, auch wenn eine asynchrone Teilnahmealternative entsteht.
51;onlZugang;nein;Nicht alle Studierenden haben außerhalb des Lehrraums Zugang zu einem geeigneten Gerät oder einer Umgebung.;2;Option mit einem kleineren verpflichtenden Online-Anteil;nicht empfohlen;Studierende, die nicht in der Lage sind, an Sitzungen via Webkonferenz teilnzunehmen, wären bei einigen synchronen Kurskomponenten benachteiligt, auch wenn eine asynchrone Teilnahmealternative entsteht;1;praesonlwechs, grwechs;;3;3, 4;-;-2;true;;Sie haben angegeben, dass manche Studierende keinen Zugang  zu einem geeigneten Gerät oder einer Umgebung außerhalb des Lehrraums für Online-Lernen  haben.;Laut Ihren Angaben passt Szenario XYZ als Option mit einem kleineren verpflichtenden Online-Anteil, nicht optimal, weil Studierende, die nicht in der Lage sind, an Sitzungen via Webkonferenz teilnzunehmen, wären bei einigen synchronen Kurskomponenten benachteiligt, auch wenn eine asynchrone Teilnahmealternative entsteht.
52;onlZugang;idk;Sie sind sich nicht sicher, ob alle Studierenden Zugang zu einem geeigneten Gerät oder einer Umgebung für Online-Teilnahme haben.;0;Option mit einem großen verpflichtenden Online-Anteil;nicht geeignet;Falls es Studierende gibt, die nicht in der Lage sind, an Sitzungen via Webkonferenz teilnzunehmen, wären diese Studierenden von manchen Kurskomponenten komplett ausgeschlossen;1;onl, ringonl, onlpraeswechs, onlhybwechs;-;3;-;3, 4;-3;true;;Sie haben angegeben, dass Sie sich nicht sicher sind, ob alle Studierenden Zugang  zu einem geeigneten Gerät oder einer Umgebung außerhalb des Lehrraums für Online-Lernen  haben.;Laut Ihren Angaben passt Szenario XYZ als Option mit einem großen verpflichtenden Online-Anteil, nicht optimal, weil Falls es Studierende gibt, die nicht in der Lage sind, an Sitzungen via Webkonferenz teilnzunehmen, wären diese Studierenden von manchen Kurskomponenten komplett ausgeschlossen.
53;onlZugang;idk;Sie sind sich nicht sicher, ob die Studierenden Zugang.;1;Option mit einem kleineren verpflichtenden Online-Anteil;nicht empfohlen;Falls es Studierende gibt, die nicht in der Lage sind, an Sitzungen via Webkonferenz teilnzunehmen, wären diese Studierenden von manchen Kurskomponenten komplett ausgeschlossen;1;praesonlwechs, grwechs;-;3;-;3, 4;-2;true;;Sie haben angegeben, dass Sie sich nicht sicher sind, ob alle Studierenden Zugang  zu einem geeigneten Gerät oder einer Umgebung außerhalb des Lehrraums für Online-Lernen  haben.;Laut Ihren Angaben passt Szenario XYZ als Option mit einem kleineren verpflichtenden Online-Anteil, nicht optimal, weil Falls es Studierende gibt, die nicht in der Lage sind, an Sitzungen via Webkonferenz teilnzunehmen, wären diese Studierenden von manchen Kurskomponenten komplett ausgeschlossen.
54;onlZugang;idk;Sie sind sich nicht sicher, ob die Studierenden Zugang.;2;Option mit einem großen verpflichtenden Online-Anteil;nicht empfohlen;Falls es Studierende gibt, die nicht in der Lage sind, an Sitzungen via Webkonferenz teilnzunehmen, wären diese Studierenden bei einigen synchronen Kurskomponenten benachteiligt, auch wenn eine asynchrone Teilnahmealternative entsteht;1;onl, ringonl, onlpraeswechs, onlhybwechs;-;3;3, 4;-;-2;true;;Sie haben angegeben, dass Sie sich nicht sicher sind, ob alle Studierenden Zugang  zu einem geeigneten Gerät oder einer Umgebung außerhalb des Lehrraums für Online-Lernen  haben.;Laut Ihren Angaben passt Szenario XYZ als Option mit einem großen verpflichtenden Online-Anteil, nicht optimal, weil Falls es Studierende gibt, die nicht in der Lage sind, an Sitzungen via Webkonferenz teilnzunehmen, wären diese Studierenden bei einigen synchronen Kurskomponenten benachteiligt, auch wenn eine asynchrone Teilnahmealternative entsteht.
55;onlZugang;idk;Sie sind sich nicht sicher, ob die Studierenden Zugang.;3;Option mit einem kleineren verpflichtenden Online-Anteil;nicht ideal;Falls es Studierende gibt, die nicht in der Lage sind, an Sitzungen via Webkonferenz teilnzunehmen, wären diese Studierenden  bei einigen synchronen Kurskomponenten benachteiligt, auch wenn eine asynchrone Teilnahmealternative entsteht;1;praesonlwechs, grwechs;-;3;3, 4;-;-1;true;;Sie haben angegeben, dass Sie sich nicht sicher sind, ob alle Studierenden Zugang  zu einem geeigneten Gerät oder einer Umgebung außerhalb des Lehrraums für Online-Lernen  haben.;Laut Ihren Angaben passt Szenario XYZ als Option mit einem kleineren verpflichtenden Online-Anteil, nicht optimal, weil Falls es Studierende gibt, die nicht in der Lage sind, an Sitzungen via Webkonferenz teilnzunehmen, wären diese Studierenden bei einigen synchronen Kurskomponenten benachteiligt, auch wenn eine asynchrone Teilnahmealternative entsteht.
56;onlZugang;ja;Alle Studierenden haben außerhalb des Lehrraums Zugang.;noEffect;-;-;-;-;-;-;-;-;-;-;-;;Sie haben angegeben, dass alle Studierenden  Zugang  zu einem geeigneten Gerät oder einer Umgebung außerhalb des Lehrraums für Online-Lernen  haben.;Laut Ihren Angaben passt Szenario XYZ als -, nicht optimal, weil -.
57;IntAsync;0; informelle Kommunikation und Austausch zwischen Studierenden ist ausreichend für die Lernziele Ihres Kurses;0;Format mit keiner Strukturierung der asynchronen Interaktion;empfohlen;die Lehrperson will den Studierenden die Entscheidung überlassen, wie sie außerhalb der Kurssitzungen interagieren;4;0;-;-;-;-;1;true;;Sie haben angegeben, dass der informelle Austausch zwischen Studierenden ausreichend für die Lernziele Ihres Kurses ist.;Laut Ihren Angaben passt Szenario XYZ als Format mit keiner Strukturierung der asynchronen Interaktion, nicht optimal, weil die Lehrperson will den Studierenden die Entscheidung überlassen, wie sie außerhalb der Kurssitzungen interagieren.
58;IntAsync;0; informelle Kommunikation und Austausch zwischen Studierenden ist ausreichend für die Lernziele Ihres Kurses;1;Format mit Anforderung an asynchrone Interaktion und Strukturierung davon;ausgeschlossen;die Lehrperson will nicht vorschreiben, wie die Studierenden außerhalb der Kurssitzungen interagieren;4;2;-;-;-;-;-100;true;;Sie haben angegeben, dass der informelle Austausch zwischen Studierenden ausreichend für die Lernziele Ihres Kurses ist.;Laut Ihren Angaben passt Szenario XYZ als Format mit Anforderung an asynchrone Interaktion und Strukturierung davon, nicht optimal, weil die Lehrperson will nicht vorschreiben, wie die Studierenden außerhalb der Kurssitzungen interagieren.
59;IntAsync;1;Regelmäßiger asynchroner Austausch zwischen Studierenden über die Kursinhalte ist gewünscht;0;Format mit optionalen Ressourcen für  asynchrone Interaktion;empfohlen;Durch die Bereitstellung von Kanälen für asynchrone Interaktion unterstützt die Lehrperson die Studierenden, miteinander zu interagieren, aber ohne Benachteiligung, wenn sie diese Kanäle nicht nutzen;4;1;-;-;-;-;1;true;;Sie haben angegeben, dass regelmäßiger asynchroner Austausch zwischen Studierenden über die Kursinhalte gewünscht ist;Laut Ihren Angaben passt Szenario XYZ als Format mit optionalen Ressourcen für asynchrone Interaktion, nicht optimal, weil Durch die Bereitstellung von Kanälen für asynchrone Interaktion unterstützt die Lehrperson die Studierenden, miteinander zu interagieren, aber ohne Benachteiligung, wenn sie diese Kanäle nicht nutzen.
60;IntAsync;1;Regelmäßiger asynchroner Austausch zwischen Studierenden über die Kursinhalte ist gewünscht;1;Formate ohne strukturierte Ressourcen für asynchrone Interaktion;ausgeschlossen;wenn asynchrone Interaktion zwischen Studierenden gewünscht ist, dann sollte im Kurs eine Strukturierung davon existieren;4;0;-;-;-;-;-100;true;;Sie haben angegeben, dass regelmäßiger asynchroner Austausch zwischen Studierenden über die Kursinhalte gewünscht ist;Laut Ihren Angaben passt Szenario XYZ als Formate ohne strukturierte Ressourcen für asynchrone Interaktion, nicht optimal, weil wenn asynchrone Interaktion zwischen Studierenden gewünscht ist, dann sollte im Kurs eine Strukturierung davon existieren.
61;IntAsync;2;Regelmäßiger und strukturierter asynchroner Austausch zwischen Studierenden über die Kursinhalte ist notwendig;0;Format mit Strukturen und Anreizen für asynchrone Interaktion;empfohlen;Durch die Bereitstellung von Kanälen für asynchrone Kommunikation und die Schaffung von Anreizen für die Studierenden, diese zu nutzen, motiviert die Lehrperson alle Studierenden, miteinander außerhalb der Kurssitzungen auszutauschen;4;2;-;-;-;-;1;true;;Sie haben angegeben, dass regelmäßiger, strukturierter asynchroner Austausch zwischen Studierenden über die Kursinhalte notwendig ist;Laut Ihren Angaben passt Szenario XYZ als Format mit Strukturen und Anreizen für asynchrone Interaktion, nicht optimal, weil Durch die Bereitstellung von Kanälen für asynchrone Kommunikation und die Schaffung von Anreizen für die Studierenden, diese zu nutzen, motiviert die Lehrperson alle Studierenden, miteinander außerhalb der Kurssitzungen auszutauschen.
62;IntAsync;2;Regelmäßiger und strukturierter asynchroner Austausch zwischen Studierenden über die Kursinhalte ist notwendig;1;Formate ohne strukturierte Ressourcen für asynchrone Interaktion;ausgeschlossen;wenn asynchrone Interaktion zwischen Studierenden notwendig ist, dann muss im Kurs eine Strukturierung davon existieren;4;0;-;-;-;-;-100;true;;Sie haben angegeben, dass regelmäßiger, strukturierter asynchroner Austausch zwischen Studierenden über die Kursinhalte notwendig ist;Laut Ihren Angaben passt Szenario XYZ als Formate ohne strukturierte Ressourcen für asynchrone Interaktion, nicht optimal, weil wenn asynchrone Interaktion zwischen Studierenden notwendig ist, dann muss im Kurs eine Strukturierung davon existieren.
63;gaeste;0;Sie möchten keine Gastvortragenden einladen.;0;Ringvorlesung;ausgeschlossen;noShow;1;ringpraes, ringonl, ringhyb1, ringhyb2;-;-;-;-;-100;true;;Sie haben angegeben, dass Sie keine Gastvortragenden einladen möchten.;noShow
64;gaeste;1;Sie möchten ab und zu Gastvortragende einladen.;0;Ringvorlesung;ausgeschlossen;noShow;1;ringpraes, ringonl, ringhyb1, ringhyb2;-;-;-;-;-100;true;;Sie haben angegeben, dass Sie ab und zu Gastvortragende einladen möchten.;noShow
65;gaeste;2;Sie möchten regelmäßig Gastvortragende einladen.;1;Keine Ringvorlesung;ausgeschlossen;noShow;1;-;ringpraes, ringonl, ringhyb1, ringhyb2;-;-;-;-100;true;;Sie haben angegeben, dass Sie regelmäßig Gastvortragende einladen möchten.;noShow
66;gaesteMittel;nein;Sie verfügen nicht über ausreichende Ressourcen, um Gastvortragende persönlich einzuladen.;0;Rein-Präsenzringvorlesung;ausgeschlossen;die Gäste können zur Präsezringvorlesung nicht eingeladen werden;1;ringpraes, ringonl, ringhyb1, ringhyb2;-;-;-;-;-100;true;;Sie haben angegeben, dass Sie nicht über ausreichende Ressourcen verfügen, um Gastvortragende persönlich einzuladen.;Laut Ihren Angaben passt Szenario XYZ als Rein-Präsenzringvorlesung, nicht optimal, weil die Gäste können zur Präsezringvorlesung nicht eingeladen werden.
67;gaesteMittel;nein;Sie verfügen nicht über ausreichende Ressourcen, um Gastvortragende persönlich einzuladen.;1;Ringvorlesung mit Online-Zuschaltung von Gästen;begünstigt;die Gäste können sich online zuschalten, auch wenn es keine Mittel gibt, sie persönlich einzuladen;1;ringonl, ringhyb1, ringhyb2;-;-;-;-;1;true;;Sie haben angegeben, dass Sie nicht über ausreichende Ressourcen verfügen, um Gastvortragende persönlich einzuladen.;Laut Ihren Angaben passt Szenario XYZ als Ringvorlesung mit Online-Zuschaltung von Gästen, nicht optimal, weil die Gäste können sich online zuschalten, auch wenn es keine Mittel gibt, sie persönlich einzuladen.
68;gaesteMittel;ja;Sie verfügen über ausreichende Ressourcen, um Gastvortragende persönlich einzuladen.;0;Ringvorlesung mit vor Ort Anwesenheit von Gästen;begünstigt;die Gäste können vor Ort teilnehmen und Studierende persönlicher kennenlernen;1;ringpraes, ringhyb2;-;-;-;-;1;true;;Sie haben angegeben, dass Sie über ausreichende Ressourcen verfügen, um Gastvortragende persönlich einzuladen.;Laut Ihren Angaben passt Szenario XYZ als Ringvorlesung mit vor Ort Anwesenheit von Gästen, nicht optimal, weil die Gäste können vor Ort teilnehmen und Studierende persönlicher kennenlernen.
69;exkur;nein;noEffect;noEffect;-;-;-;-;-;-;-;-;-;-;-;;Sie haben angegeben, dass keine Exkursionen als fester Bestandteil des Kurses geplant sind.;noEffect
70;exkur;ja;Exkursionen sind als fester Bestandteil des Kurses geplant.;0;rein-online Option;ausgeschlossen;keine Exkursion an einem anderen Standort kann online stattfinden;1;onl, ringonl, async;-;-;-;-;-;true;;Sie haben angegeben, dass Exkursionen als fester Bestandteil des Kurses geplant sind.;Laut Ihren Angaben passt Szenario XYZ als rein-online Option, nicht optimal, weil keine Exkursion an einem anderen Standort kann online stattfinden.
71;exkurMittel;nein;Nicht ausreichende Ressourcen sind vorhanden, damit alle Studierenden an einer Exkursion teilnehmen können.;0;Format bei dem eine Exkursion zwingend in Präsenz stattfinden würde;ausgeschlossen;;1;praes, ringpraes;-;-;-;-;-100;true;;Sie haben angegeben, dass nicht ausreichende Ressourcen vorhanden sind, damit alle Studierenden an einer Exkursion teilnehmen können.;Laut Ihren Angaben passt Szenario XYZ als Format bei dem eine Exkursion zwingend in Präsenz stattfinden würde, nicht optimal, weil nan.
72;exkurMittel;nein;Nicht ausreichende Ressourcen sind vorhanden, damit alle Studierenden an einer Exkursion teilnehmen können.;1;Format bei dem eine Exkursion hybrid stattfinden könnte;sehr empfohlen;mit einer gut geplanten hybriden Durchführung der Exkursion können alle Studierenden von einer Exkursion profitieren, auch wenn nur ein Teil von ihnen einen Ort persönlich besucht.;1;hyb, onlhybwechs, praeshybwechs, hybrem, ringhyb2, hybpraeswechs;-;-;-;-;2;true;;Sie haben angegeben, dass nicht ausreichende Ressourcen vorhanden sind, damit alle Studierenden an einer Exkursion teilnehmen können.;Laut Ihren Angaben passt Szenario XYZ als Format bei dem eine Exkursion hybrid stattfinden könnte, nicht optimal, weil mit einer gut geplanten hybriden Durchführung der Exkursion können alle Studierenden von einer Exkursion profitieren, auch wenn nur ein Teil von ihnen einen Ort persönlich besucht..
73;exkurMittel;ja;Ausreichende Ressourcen sind vorhanden, damit alle Studierenden an einer Exkursion teilnehmen können.;0;Format bei dem eine Exkursion für alle in Präsenz stattfinden würde;sehr empfohlen;wenn die Bedingungen ausreichend für eine Präsenzteilnahme von allen an einer Exkursion, dann wird ein Format mit einer Präsenzkomponente für alle empfohlen;1;praes, onlpraeswechs, ringhyb1, ringpraes, hybpraeswechs;-;-;-;-;2;true;;Sie haben angegeben, dass ausreichende Ressourcen vorhanden sind, damit alle Studierenden an einer Exkursion teilnehmen können.;Laut Ihren Angaben passt Szenario XYZ als Format bei dem eine Exkursion für alle in Präsenz stattfinden würde, nicht optimal, weil wenn die Bedingungen ausreichend für eine Präsenzteilnahme von allen an einer Exkursion, dann wird ein Format mit einer Präsenzkomponente für alle empfohlen.
74;exkurMittel;ja;Ausreichende Ressourcen sind vorhanden, damit alle Studierenden an einer Exkursion teilnehmen können.;1;Format bei dem eine Exkursion hybrid stattfinden würde;nicht sinnvoll;wenn die Bedingungen ausreichend für eine Präsenzteilnahme von allen an einer Exkursion, dann wird ein Format mit einer Präsenzkomponente für alle bevorzugt;1;hyb, onlhybwechs, hybrem, ringhyb2;-;-;-;-;-1;true;;Sie haben angegeben, dass ausreichende Ressourcen vorhanden sind, damit alle Studierenden an einer Exkursion teilnehmen können.;"Laut Ihren Angaben passt Szenario XYZ als Format bei dem eine Exkursion hybrid stattfinden würde, nicht optimal; wenn die Bedingungen ausreichend sind für eine Präsenzteilnahme von allen an einer Exkursion, dann wird ein Format mit einer Präsenzkomponente für alle bevorzugt."
75;intKoll;nein;Ihr Kurs ist kein Teil einer nationalen oder internationalen Kollaboration.;0;Lehrveranstaltung an zwei Standorten;ausgeschlossen;keine andere Anwendung für dieses Szenario;1;rem, hybrem;-;-;-;-;-100;true;;Sie haben angegeben, dass Ihr Kurs nicht Teil einer nationalen oder internationalen Kollaboration ist.;Laut Ihren Angaben passt Szenario XYZ als Lehrveranstaltung an zwei Standorten, nicht, weil keine andere Anwendung für dieses Szenario.
76;intKoll;ja;Ihr Kurs ist Teil einer nationalen oder internationalen Kollaboration.;0;Format, das keine synchrone online standortübergreifende Kommunikation erlaubt;ausgeschlossen;keine standortübergreifende Kollaboration kann geschehen, wenn der Kurs keine Online-Komponente hat;1;-;onl, onlhybwechs, onlpraeswechs, rem, hyb, hybrem, hybpraeswechs, ringonl, ringhyb2;-;-;-;-100;true;;Sie haben angegeben, dass Ihr Kurs Teil einer nationalen oder internationalen Kollaboration ist.;Laut Ihren Angaben passt Szenario XYZ als Format, das keine synchrone online standortübergreifende Kommunikation erlaubt, nicht, weil keine standortübergreifende Kollaboration kann geschehen, wenn der Kurs keine Online-Komponente hat.
