wert;name;text_overview;text_syncInt-0;text_syncInt-1;text_syncInt-2;text_asyncTN-0;text_asyncTN-1;text_asyncTN-2;text_asyncTN-3;text_asyncTN-4;text_asyncInt-0;text_asyncInt-1;text_asyncInt-2;tips_general;tips_syncInt-0;tips_syncInt-1;tips_syncInt-2;tips_asyncTN-0;tips_asyncTN-1;tips_asyncTN-2;tips_asyncTN-3;tips_asyncTN-4;tips_asyncInt-0;tips_asyncInt-1;tips_asyncInt-2
de-default;Standardszenario;Diesen Text sollte niemand eigentlich sehen.;Laut Ihrer Angaben können Studierende auch ohne viel synchrone Interaktion die Lernziele des Kurses erreichen. Es ist trotzdem eine gute Idee, den Studierenden strukturierte Gelegenheiten zur Interaktion mit Ihnen zu bieten, so dass alle Studierenden (und nicht nur ein paar motivierte in der ersten Reihe!) die Chance haben, Fragen zu stellen und ihr eigenes Lernen zu überprüfen. Hier finden Sie einige Ideen, wie Sie das als Lehrperson umsetzen könnten.;Laut Ihrer Angaben ist synchrone studentische Interaktion vorteilhaft für den Erfolg Ihrer Studierenden, auch wenn es nicht intensiv in Gruppen gearbeitet wird. Die folgenden Tipps könnten Ihnen als Lehrperson helfen, diese Interaktion in Ihrem Setting zu fördern.;Laut Ihrer Angaben sollen Studierende in diesem Kurs nicht nur aktiv an der Diskussion teilnehmen, sondern auch gelegentlich miteinander in Gruppen arbeiten. Die folgenden Tipps könnten Ihnen als Lehrperson helfen, diese Interaktion in Ihrem Setting zu strukturieren und zu fördern.;Nach Ihren Antworten zur Notwendigkeit der Synchronität und zu den zeitlichen Beschränkungen der Studierenden wird Ihnen <b>rein synchroner Unterricht</b> empfohlen, das heißt, Studierende müssen in der Regel keine oder fast keine Materialien vor- oder nacharbeiten. Obwohl sie den Umfang an abgedeckten Lerninhalten begrenzt, ist eine rein-synchrone Lehrveranstaltung für Studierendenkohorte mit großen Zeiteinschränkungen (z.B. Studium neben dem Beruf) geeignet, weil die Studierenden alle wichtigen Lernziele innerhalb der Kurssitzungen abdecken können.;Laut Ihren Angaben zur Notwendigkeit der Synchronität und zu den zeitlichen Einschränkungen der Studierenden wird Ihnen eine <b>Ergänzung des synchronen Unterrichts durch Materialien für asynchrone Nacharbeit</b> empfohlen. Diese Materialien ersetzen die synchrone Teilnahme nicht, aber sie erlauben den Studierenden zu einem für sie flexiblen Zeitpunkt sich in den besprochenen Themen zu vertiefen. ;Laut Ihren Angaben zur Notwendigkeit der Synchronität und zu den zeitlichen Einschränkungen der Studierenden wird Ihnen eine <b>Ergänzung des synchronen Unterrichts durch Materialien für asynchrone Vor- und Nacharbeit</b> empfohlen. Diese Materialien ersetzen die synchrone Teilnahme nicht. Die Vorarbeit führt dazu, dass Studierende besser vorbereitet in den Unterricht kommen und die Zeit effizienter für Interaktion, Reflexion und Vertiefung genutzt werden kann. So ein <b>Flipped Classroom</b>-Format benötigt regelmäßige Arbeit von den Studierenden und deshalb ist es besser für Studierendenkohorten ohne große zeitliche Einschränkungen geeignet.;Laut Ihren Angaben zur Notwendigkeit der Synchronität und zu den zeitlichen Einschränkungen der Studierenden wird Ihnen empfohlen, <b>eine asynchrone Teilnahmealternative für Ihre synchrone Lehrveranstaltung zu ermöglichen</b>. ;Laut Ihren Angaben zur (nicht-)Notwendigkeit der Synchronität und zu den zeitlichen Einschränkungen von Ihnen und Ihren  Studierenden wird Ihnen empfohlen, <b>Ihren Kurs hauptsächlich asynchron zu halten</b>. ;Zur asynchronen studentischen Interaktion: Laut Ihrer Angaben, sollten <b>die Studierenden selbst entscheiden, inwieweit sie miteinander außerhalb der Kurssitzungen interagieren</b>. Dennoch könnten die folgenden Tipps für Sie nützlich sein, um das Gemeinschaftsgefühl und das Lernen der Studierenden asynchron zu fördern:;Sie wünschen sich laut Ihrer Angaben zusätzlich, <b>studentische Interaktion außerhalb der Kurssitzungen zu unterstützen</b>. Hier einige Ideen, wie Sie das in Ihren Kurs einbauen können:;Sie wünschen sich laut Ihrer Angaben zusätzlich, <b>studentische Interaktion außerhalb der Kurssitzungen zu unterstützen, sondern Anreize für diese Interaktion zu schaffen.</b>. Hier einige Ideen, wie Sie das in Ihren Kurs einbauen können:;default;-;-;-;-;-;-;-;-;-;-;-
so-async;Digital asynchroner Kurs;"Ein digital asynchroner Kurs hat keine (oder fast keine) synchronen Sitzungen, in denen Inhalte vermittelt werden. Die Lehrperson stellt stattdessen Texte, Mini-Lecture-Videos, Quizzen oder andere Materialien in einem Online-Plattform (z.B. Moodle) zur Verfügung, die durch Studierenden bearbeitet werden. Die Materialien sind in der Regel entweder alle zum gleichen Zeitpunkt bereitgestellt (völlig selbstgesteuertes Lernen) oder regelmäßig und schrittweise veröffentlicht. In manchen asynchronen Kursen müssen Studierende zu bestimmten Zeitpunkte Arbeitsmaterialien einreichen, die von einer Lehrperson, Peers oder automatisch bewertet werden. 
<br><br>
Ein rein-asynchroner Kurs bietet maximale Flexibilität sowohl für die Studierenden als auch für die Lehrperson und ist ideal, wenn die Lehrperson oder die Studierenden, an denen sich der Kurs richtet, meist einen begrenzten Zeitplan haben. Außerdem können Studierende eines asynchronen Kurses trotzdem von synchronen Aspekten wie Live-Sprechstunden profitieren.  
<br><br>
Eine Herausforderung asynchroner Kurse ist das Fehlen einer zeitlichen Struktur, was dazu führt, dass Studierende mit geringer intrinsischer Motivation häufiger in Rückstand geraten oder den Kurs nicht abschließen. Deswegen sind asynchrone Kurse besser für erfahrenere Studierende geeignet, die schon selbstgesteuerte Lernstrategien entwickelt haben.";Dieses Lehrformat hat keine synchrone Komponente.;Dieses Lehrformat hat keine synchrone Komponente.;Dieses Lehrformat hat keine synchrone Komponente.;-;-;-;-;-;-;-;-;woechCheckin, reflexionAsync;-;-;-;-;-;-;-;-;-;-;-
vl-rem;Synchron-hybride standortübergreifende Vorlesung;"In diesem Szenario sind zwei Hörsäle in zwei verschiedenen Standorten über das Internet verbunden, jeweils mit einer Präsenzgruppe von Studierenden und einer Lehrperson. Studierende besuchen die Vorlesung in Präsenz in dem jeweiligen Standort und die Lehrenden übernehmen i.d.R. abwechselnd die Leitung verschiedener Teile des Unterrichts. Die Studierenden und Lehrenden in beiden Standorten können sich gegenseitig sehen und hören. Die Vorlesung wird von einem Learning Management System (z.B. Moodle) begleitet, in dem idealerweise alle Studierenden aus beiden Standorten eingeschrieben sind.
<br><br>
Dieses Lehrformat ermöglicht eine Perspektivenvielfalt im Studium durch Austausch zwischen Ländern, Hochschulen oder Disziplinen, während die Interaktionsvorteile einer Präsenzveranstaltung beibehalten werden. <a href='https://www.e-teaching.org/praxis/hybride-lernraeume/standortuebergreifendes-hybridseminar-konzept' title='e-teaching.org: Standortübergreifendes Hybridseminar'></a> Für die Lehrenden kann das Co-Teaching im Rahmen einer standortübergreifenden Vorlesung nicht nur auf organisatorische Ebene hilfreich sein, sondern es ermöglicht ihnen auch, vom gegenseitigen Unterrichtsstil zu lernen.
<br><br>

";-;Laut Ihrer Angaben ist synchrone studentische Interaktion vorteilhaft für den Erfolg Ihrer Studierenden, auch wenn es nicht intensiv in Gruppen gearbeitet wird. Das kann in einem hybriden Setting mit zwei Lehrräumen und zwei Studierendengruppen herausfordernd sein. Die folgenden Tipps könnten Ihnen als Lehrperson helfen, diese Interaktion in Ihrem Setting zu fördern.;Laut Ihrer Angaben sollen Studierende in diesem Kurs nicht nur aktiv an der Diskussion teilnehmen, sondern auch gelegentlich miteinander in Gruppen arbeiten. Das kann in einem hybriden Setting mit zwei Lehrräumen und zwei Studierendengruppen herausfordernd sein. Die folgenden Tipps könnten Ihnen als Lehrperson helfen, diese Interaktion in Ihrem Setting zu strukturieren und zu fördern.;-;-;-;-;-;-;-;-;privateEcke, wartezeitHyb, darstellungsformen;moderationHybSimple;moderationHybSimple;moderationHybGr;woechCheckin;woechCheckin, reflexionHyb;woechCheckin, reflexionHyb;woechCheckin, reflexionAsync;-;-;-;-
se-rem;Synchron-hybrides standortübergreifendes Seminar;"In diesem Szenario sind zwei Seminarräume in zwei verschiedenen Standorten über das Internet verbunden, jeweils mit einer Präsenzgruppe von Studierenden und einer Lehrperson. Studierende besuchen das Seminar in Präsenz in dem jeweiligen Standort und die Lehrenden übernehmen i.d.R. abwechselnd die Leitung verschiedener Teile des Unterrichts. Die Studierenden und Lehrenden in beiden Standorten können sich gegenseitig sehen und hören. Das Seminar wird von einem Learning Management System (z.B. Moodle) begleitet, in dem idealerweise alle Studierenden aus beiden Standorten eingeschrieben sind.
<br><br>
Dieses Lehrformat ermöglicht eine Perspektivenvielfalt im Studium durch Austausch zwischen Ländern, Hochschulen oder Disziplinen, während die Interaktionsvorteile einer Präsenzveranstaltung beibehalten werden. <a href='https://www.e-teaching.org/praxis/hybride-lernraeume/standortuebergreifendes-hybridseminar-konzept' title='e-teaching.org: Standortübergreifendes Hybridseminar'></a> Für die Lehrenden kann das Co-Teaching im Rahmen einer standortübergreifenden Vorlesung nicht nur auf organisatorische Ebene hilfreich sein, sondern es ermöglicht ihnen auch, vom gegenseitigen Unterrichtsstil zu lernen.
<br><br>
";-;-;-;-;-;-;-;-;-;-;-;privateEcke, wartezeitHyb, darstellungsformen;moderationHybSimple;moderationHybSimple;moderationHybGr;woechCheckin;woechCheckin, reflexionHyb;woechCheckin, reflexionHyb;woechCheckin, reflexionAsync;-;-;-;-
vl-hyb;Synchron-Hybride Vorlesung mit einzelnen Online-Teilnehmenden;"In diesem Lehrformat befindet sich die Lehrperson und mehrere Studierende in einem Hörsaal, während einzelne Studierenden von verschiedenen Standorten aus über eine Webkonferenz den Unterricht verfolgen und dazu beitragen. Je nach verfügbarer (Raum-)technik kann eine hybride Vorlesung viele Formen annehmen, indem entweder festinstallierte oder mobile Technik verwendet wird. Idealerweise können beide Studierendengruppen (vor Ort und online) einander sehen und miteinander Interagieren, obwohl der Umfang und die Art der Interaktion sich variieren können. 
<br><br>
Solange die Lernziele des Kurses gut online zu erreichen sind, bietet hybride Lehre einen riesigen Vorteil an Flexibilität für die Studierende: Studierende mit Familien- oder Care-Verpflichtungen, Mobilitätseinschränkungen, oder einer Nebentätigkeit können den Kurs ohne Unterbrechung besuchen, während Studierenden, die kurzfristiger an der persönlichen Teilnahme gehindert werden (z. B. durch Verletzungen oder Krankheit), ebenfalls vermeiden können, Kursmaterial zu verpassen. Außerdem bietet das Format Flexibilität für die Lehrperson, da die Sitzungen in vielen Fällen auch dann ohne Unterbrechung stattfinden können, wenn sie nicht anwesend ist. 
<br><br>
Die am häufigsten genannten Herausforderungen beim hybriden Unterricht sind die das reibungslose Funktionieren der Technik während der Sitzung und die gleichzeitige Einbindung der Studierenden in den Online- und Präsenzraum. Oft können diese Herausforderungen überfordernd für eine einzelne Lehrperson sein, weshalb es empfohlen wird, während der Planung und Durchführung einer hybriden Vorlesung institutionelle und kollegiale Unterstützung in Anspruch zu nehmen. Wenn hybride Lehre gut funktioniert, kann sie enorme positive Auswirkungen auf Sie und das Erlebnis Ihrer Studierenden haben!";-;-;-;-;-;-;-;-;-;-;-;privateEcke, wartezeitHyb, darstellungsformen;moderationHybSimple;moderationHybSimple;moderationHybGr;woechCheckin;woechCheckin, reflexionHyb;woechCheckin, reflexionHyb;woechCheckin, reflexionAsync;-;-;-;-
se-hyb;Synchron-Hybrides Seminar mit einzelnen Online-Teilnehmenden;"In diesem Lehrformat befindet sich die Lehrperson und mehrere Studierende in einem Seminarraum, während einzelne Studierenden von verschiedenen Standorten aus über eine Webkonferenz den Unterricht verfolgen und dazu beitragen. Je nach verfügbarer (Raum-)technik kann ein hybrides Seminar viele Formen annehmen, indem entweder festinstallierte oder mobile Technik verwendet wird. Idealerweise können beide Studierendengruppen (vor Ort und online) einander sehen und miteinander Interagieren, obwohl der Umfang und die Art der Interaktion sich variieren können. 
<br><br>
Solange die Lernziele des Kurses gut online zu erreichen sind, bietet hybride Lehre einen riesigen Vorteil an Flexibilität für die Studierende: Studierende mit Familien- oder Care-Verpflichtungen, Mobilitätseinschränkungen, oder einer Nebentätigkeit können den Kurs ohne Unterbrechung besuchen, während Studierenden, die kurzfristiger an der persönlichen Teilnahme gehindert werden (z. B. durch Verletzungen oder Krankheit), ebenfalls vermeiden können, Kursmaterial zu verpassen. Außerdem bietet das Format Flexibilität für die Lehrperson, da die Sitzungen in vielen Fällen auch dann ohne Unterbrechung stattfinden können, wenn sie nicht anwesend ist. 
<br><br>
Die am häufigsten genannten Herausforderungen beim hybriden Unterricht sind die das reibungslose Funktionieren der Technik während der Sitzung und die gleichzeitige Einbindung der Studierenden in den Online- und Präsenzraum. Oft können diese Herausforderungen überfordernd für eine einzelne Lehrperson sein, weshalb es empfohlen wird, während der Planung und Durchführung eines hybriden Seminars institutionelle und kollegiale Unterstützung in Anspruch zu nehmen. Wenn hybride Lehre gut funktioniert, kann sie enorme positive Auswirkungen auf Sie und das Erlebnis Ihrer Studierenden haben!";-;-;-;-;-;-;-;-;-;-;-;privateEcke, wartezeitHyb, darstellungsformen;moderationHybSimple;moderationHybSimple;moderationHybGr;woechCheckin;woechCheckin, reflexionHyb;woechCheckin, reflexionHyb;woechCheckin, reflexionAsync;-;-;-;-
vl-onl;Online synchrone Vorlesung ;"In einer online synchronen Vorlesung treffen sich die Lehrperson und die Studierenden zur gleichen Zeit in einem virtuellen Raum über eine Videokonferenz-Plattform. Die Lehrperson präsentiert die Inhalte live durch Vorträge, Bildschirmfreigaben oder digitale Präsentationsmedien. Während der Sitzung können Studierende Fragen stellen und Feedback geben, entweder mündlich oder über eine Chatfunktion. Je nach Plattform können interaktive Elemente wie Umfragen, Breakout-Räume für Kleingruppenarbeit oder digitale Whiteboards genutzt werden, um die Studierenden aktiv einzubeziehen. In dem hier beschriebenen Lehrformat finden <em>alle</em> Vorlesungen in einem Semester online statt, d.h. es gibt keine einzelnen Präsenztermine.
<br><br>
Dieses Lehrformat bietet auch ohne Präsenztreffen eine hohe zeitliche Struktur und ermöglicht eine direkte Interaktion zwischen Lehrperson und Studierenden, unabhängig von deren physischem Aufenthaltsort. Solange alle Studierenden Zugang zu einer Umgebung mit Internetverbindung und weniger Störungen haben, um an der Vorlesung teilzunehmen, bietet das rein-online Format Flexibilität in Form von minimierten Pendelwegen und Ortsunabhängigkeit. Die Herausforderungen einer synchronen Online-Vorlesung liegen vor allem in der technischen Abhängigkeit und der potenziell begrenzten Aufmerksamkeitsspanne der Studierenden bei längeren Sitzungen. Viele dieser Herausforderungen können jedoch durch entsprechende Planung vollständig gelöst werden.";-;-;-;-;-;-;-;-;-;-;-;wartezeitHyb;-;-;-;woechCheckin;woechCheckin, reflexionHyb;woechCheckin, reflexionHyb;woechCheckin, reflexionAsync;-;-;-;-
se-onl;Online synchrones Seminar ;"In einem online synchronen Seminar treffen sich die Lehrperson und die Studierenden in Echtzeit über eine Videokonferenz-Plattform. Im Gegensatz zur Vorlesung steht hier durch Gruppenarbeiten, Reflexionen und Diskussionen der interaktive Austausch im Mittelpunkt. Die Lehrperson moderiert die Sitzung und setzt häufig interaktive Tools wie Breakout-Räume, digitale Whiteboards, Umfragen oder kollaborative Dokumente ein, um die aktive Beteiligung der Studierenden zu fördern. In dem hier beschriebenen Lehrformat finden <em>alle</em> Seminare in einem Semester online statt, d.h. es gibt keine einzelnen Präsenztermine.
<br><br>
Solange alle Studierenden Zugang zu einer Umgebung mit Internetverbindung und weniger Störungen haben, um an dem Seminar teilzunehmen, bietet das rein-online Format Flexibilität in Form von minimierten Pendelwegen und Ortsunabhängigkeit. Studierende können standortunabhängig in kleinen bis mittleren Gruppen intensiv arbeiten und den Lernprozess durch direkte Interaktion und Zusammenarbeit zu vertiefen, während die Lehrperson gezielt Impulse geben und Diskussionen moderieren kann. Der synchrone Charakter ermöglicht zudem spontane Rückfragen und Feedback.
<br><br>
Die Herausforderungen eines online synchronen Seminars bestehen häufig in der Notwendigkeit, ein hohes Maß an Interaktion in der digitalen Umgebung aufrechtzuerhalten. Diese Interaktion muss nicht nur technisch möglich sein, sondern die Lehrperson muss gezielt darauf achten, alle Teilnehmenden aktiv einzubeziehen, um ein erfolgreiches, dynamisches Seminarerlebnis zu gewährleisten.";-;-;-;-;-;-;-;-;-;-;-;wartezeitHyb;-;-;-;woechCheckin;woechCheckin, reflexionHyb;woechCheckin, reflexionHyb;woechCheckin, reflexionAsync;-;-;-;-
vl-praes;Präsenzvorlesung ;"In einer Präsenzvorlesung treffen sich die Lehrperson und die Studierenden in einem physischen Hörsaal zur gleichen Zeit. Die Lehrperson vermittelt die Inhalte in Form von Vorträgen, unterstützt durch Präsentationsmedien wie Folien, Tafelanschriften oder Visualisierungen. Studierende haben in der Regel die Möglichkeit, Fragen zu stellen oder sich an kurzen Diskussionen zu beteiligen. Zusätzliche Materialien wie Handouts oder digitale Inhalte werden häufig über ein Learning Management System (z.B. Moodle) bereitgestellt.
<br><br>
Die Präsenzvorlesung bietet einen klar strukturierten Rahmen für die Wissensvermittlung und ermöglicht durch die physische Anwesenheit der Lehrperson und der Studierenden eine Atmosphäre, die spontane Rückfragen und unmittelbare Interaktion untertsützt. Zudem fördert die gemeinsame Teilnahme das Gefühl der Zugehörigkeit und des akademischen Austauschs. Im Vergleich zu Online- oder hybriden Formaten hat eine reine Präsenzvorlesung den Nachteil, dass die Teilnahme für Studierende mit einem engen Zeitplan oder besonderen Anforderungen aufgrund der Beschränkung auf einen festen Ort und eine feste Zeit weniger flexibel ist.";-;-;-;-;-;-;-;-;-;-;-;wartezeitPr, darstellungsformen;-;-;-;woechCheckin;woechCheckin, reflexionHyb;woechCheckin, reflexionHyb;woechCheckin, reflexionAsync;-;-;-;-
se-praes;Präsenzseminar ;"Im Präsenzseminar treffen sich die Lehrperson und die Studierenden zur gleichen Zeit in einem Seminarraum, um sich mit Themen durch Diskussionen, Präsentationen, Gruppenarbeit oder gemeinsame Reflexionen aktiv auseinanderzusetzen. Die Lehrperson moderiert und strukturiert den Lernprozess, während die Studierenden eigene Beiträge einbringen, Fragen stellen und ihre Ideen weiterentwickeln können.
<br><br>
Die direkte Atmosphäre in einem Präsenzseminar fördert die Motivation, das Engagement und das Gemeinschaftsgefühl innerhalb der Gruppe. Die physische Anwesenheit erleichtert zudem die nonverbale Kommunikation, spontane Wortmeldungen und den unmittelbaren Austausch von Ideen, was für viele Studierende eine ideale Voraussetzung für kooperative Lernprozesse bietet. Dazu muss darauf geachtet werden, dass dieser spontane, direkte Kommunikationsstil nicht für alle Studierenden von Vorteil ist (z.B. mit Rücksicht auf Neurodiversität <a href=‘ https://hochschulforumdigitalisierung.de/hochschullehre-neurodivers/‘ title=‘HFD-Blog: Neurodiversität in der digitalen Hochschullehre‘></a>).
<br><br>
Eine Herausforderung im Präsenzseminar ist die Notwendigkeit, alle Teilnehmenden aktiv einzubinden, um passive Beteiligung zu vermeiden. Außerdem hat ein reines Präsenzseminar im Vergleich zu Online- oder hybriden Formaten den Nachteil, dass die Teilnahme für Studierende mit einem engen Zeitplan oder besonderen Anforderungen aufgrund der Beschränkung auf einen festen Ort und eine feste Zeit weniger flexibel ist.";-;-;-;-;-;-;-;-;-;-;-;wartezeitPr, darstellungsformen;-;-;-;woechCheckin;woechCheckin, reflexionHyb;woechCheckin, reflexionHyb;woechCheckin, reflexionAsync;-;-;-;-
vl-ringpraes;Präsenzvorlesung mit Einladung von  Gastvortragenden;"In diesem Lehrformat wird die klassische Präsenzvorlesung durch die Einbindung von Gastvortragenden erweitert. Die Lehrperson lädt Expert*innen aus Wissenschaft, Praxis oder anderen Fachbereichen ein, die zu spezifischen Themen referieren und ihre eigenen Erfahrungen und Perspektiven in die Veranstaltung einbringen. Die Studierenden verfolgen die Vorlesung vor Ort und haben im Anschluss die Gelegenheit, Fragen zu stellen oder in Diskussionen einzutreten.
<br><br>
Ein großer Vorteil des Präsenzformats besteht in der unmittelbaren und persönlichen Interaktion zwischen Studierenden, Lehrperson und Gastvortragenden. Diskussionen und Fragerunden können organischer verlaufen und durch persönliche Dynamik geprägt sein. Zudem bietet der direkte Kontakt die Möglichkeit für Vernetzung und informellen Austausch nach der Veranstaltung. Dies ist besonders wertvoll, weil Expert:innen aus der Praxis oft auch wertvolle Einblicke in potenzielle Berufsfelder geben können.
<br><br>
Im Vergleich zu Online- oder Hybridformaten ist das Präsenzformat für die Einbindung von Gastvortragenden weniger flexibel, da Studierende und Gastvortragende zeitlich und räumlich gebunden sind. Insbesondere bei internationalen oder weit entfernt lebenden Gästen kann dies organisatorische Hürden darstellen.";-;-;-;-;-;-;-;-;-;-;-;wartezeitPr, darstellungsformen;-;-;-;woechCheckin;woechCheckin, reflexionHyb;woechCheckin, reflexionHyb;woechCheckin, reflexionAsync;-;-;-;-
vl-ringonl;Online-Vorlesung mit Einladung von Gastvortragenden;Dieser Text muss geschrieben werden.;-;-;-;-;-;-;-;-;-;-;-;wartezeitHyb;-;-;-;woechCheckin;woechCheckin, reflexionHyb;woechCheckin, reflexionHyb;woechCheckin, reflexionAsync;-;-;-;-
vl-ringhyb1;Präsenzvorlesung mit Online-Zuschaltung von Gastvortragenden;Dieser Text muss geschrieben werden.;-;-;-;-;-;-;-;-;-;-;-;privateEcke, wartezeitHyb;-;-;-;woechCheckin;woechCheckin, reflexionHyb;woechCheckin, reflexionHyb;woechCheckin, reflexionAsync;-;-;-;-
vl-ringhyb2;Synchron-hybride Vorlesung mit Online-Zuschaltung von Gastvortragenden und einzelnen Studierenden ;Dieser Text muss geschrieben werden.;-;-;-;-;-;-;-;-;-;-;-;privateEcke, wartezeitHyb;moderationHybSimple;moderationHybSimple;moderationHybGr;woechCheckin;woechCheckin, reflexionHyb;woechCheckin, reflexionHyb;woechCheckin, reflexionAsync;-;-;-;-
se-ringpraes;Präsenzseminar mit Einladung von  Gastvortragenden;Dieser Text muss geschrieben werden.;-;-;-;-;-;-;-;-;-;-;-;wartezeitPr, darstellungsformen;-;-;-;woechCheckin;woechCheckin, reflexionHyb;woechCheckin, reflexionHyb;woechCheckin, reflexionAsync;-;-;-;-
se-ringonl;Online-Seminar mit Einladung von externen Gästen;Dieser Text muss geschrieben werden.;-;-;-;-;-;-;-;-;-;-;-;wartezeitHyb;-;-;-;woechCheckin;woechCheckin, reflexionHyb;woechCheckin, reflexionHyb;woechCheckin, reflexionAsync;-;-;-;-
se-ringhyb1;Präsenzseminar mit Online-Zuschaltung von externen Gästen ;Dieser Text muss geschrieben werden.;-;-;-;-;-;-;-;-;-;-;-;privateEcke, wartezeitHyb;-;-;-;woechCheckin;woechCheckin, reflexionHyb;woechCheckin, reflexionHyb;woechCheckin, reflexionAsync;-;-;-;-
se-ringhyb2;Synchron-hybrides Seminar mit Online-Zuschaltung von externen Gästen und einzelnen Studierenden ;Dieser Text muss geschrieben werden.;-;-;-;-;-;-;-;-;-;-;-;privateEcke, wartezeitHyb;moderationHybSimple;moderationHybSimple;moderationHybGr;woechCheckin;woechCheckin, reflexionHyb;woechCheckin, reflexionHyb;woechCheckin, reflexionAsync;-;-;-;-
pr-praes;Präsenzlabor;Dieser Text muss geschrieben werden.;-;-;-;-;-;-;-;-;-;-;-;wartezeitPr, darstellungsformen;-;-;-;woechCheckin;woechCheckin, reflexionHyb;woechCheckin, reflexionHyb;woechCheckin, reflexionAsync;-;-;-;-
pr-onl;Digital Asynchrones Labor;Dieser Text muss geschrieben werden.;-;-;-;-;-;-;-;-;-;-;-;woechCheckin;-;-;-;woechCheckin;c;woechCheckin;woechCheckin, reflexionAsync;-;-;-;-
pr-hyb;Synchron-hybrides Labor;Dieser Text muss geschrieben werden.;-;-;-;-;-;-;-;-;-;-;-;privateEcke, wartezeitHyb, darstellungsformen;moderationHybSimple;moderationHybSimple;moderationHybGr;woechCheckin;woechCheckin;woechCheckin;woechCheckin, reflexionAsync;-;-;-;-
se-grwechs;Seminar mit Gruppenwechsel zwischen Online und Präsenz;Dieser Text muss geschrieben werden.;-;-;-;-;-;-;-;-;-;-;-;privateEcke, wartezeitHyb, darstellungsformen;-;-;-;woechCheckin;woechCheckin;woechCheckin;woechCheckin, reflexionAsync;-;-;-;-
se-onlpraeswechs;Online Seminar mit einzelnen Präsenzterminen ;Dieser Text muss geschrieben werden.;-;-;-;-;-;-;-;-;-;-;-;wartezeitHyb, darstellungsformen;-;-;-;woechCheckin;woechCheckin;woechCheckin;woechCheckin, reflexionAsync;-;-;-;-
se-onlhybwechs;Online Seminar mit einzelnen hybriden Terminen ;Dieser Text muss geschrieben werden.;-;-;-;-;-;-;-;-;-;-;-;privateEcke, wartezeitHyb, darstellungsformen;moderationHybSimple;moderationHybSimple;moderationHybGr;woechCheckin;woechCheckin;woechCheckin;woechCheckin, reflexionAsync;-;-;-;-
se-praesonlwechs;Präsenzseminar mit einzelnen Online-Terminen;Dieser Text muss geschrieben werden.;-;-;-;-;-;-;-;-;-;-;-;wartezeitHyb, darstellungsformen;-;-;-;woechCheckin;woechCheckin;woechCheckin;woechCheckin, reflexionAsync;-;-;-;-
se-praeshybwechs;Präsenzseminar mit einzelnen hybriden Terminen;Dieser Text muss geschrieben werden.;-;-;-;-;-;-;-;-;-;-;-;privateEcke, wartezeitHyb, darstellungsformen;moderationHybSimple;moderationHybSimple;moderationHybGr;woechCheckin;woechCheckin;woechCheckin;woechCheckin, reflexionAsync;-;-;-;-
se-hybpraeswechs;Synchron-hybrides Seminar mit einzelnen Präsenzterminen;Dieser Text muss geschrieben werden.;-;-;-;-;-;-;-;-;-;-;-;privateEcke, wartezeitHyb, darstellungsformen;moderationHybSimple;moderationHybSimple;moderationHybGr;woechCheckin;woechCheckin;woechCheckin;woechCheckin, reflexionAsync;;;;
vl-onlpraeswechs;Online-Vorlesung mit einzelnen Präsenzterminen ;Dieser Text muss geschrieben werden.;-;-;-;-;-;-;-;-;-;-;-;wartezeitHyb, darstellungsformen;-;-;-;woechCheckin;woechCheckin;woechCheckin;woechCheckin, reflexionAsync;-;-;-;-
vl-onlhybwechs;Online-Vorlesung mit einzelnen hybriden Terminen ;Dieser Text muss geschrieben werden.;-;-;-;-;-;-;-;-;-;-;-;privateEcke, wartezeitHyb, darstellungsformen;-;-;-;woechCheckin;woechCheckin;woechCheckin;woechCheckin, reflexionAsync;-;-;-;-
vl-praesonlwechs;Präsenzvorlesung mit einzelnen Online-Terminen ;Dieser Text muss geschrieben werden.;-;-;-;-;-;-;-;-;-;-;-;wartezeitHyb, darstellungsformen;-;-;-;woechCheckin;woechCheckin;woechCheckin;woechCheckin, reflexionAsync;-;-;-;-
vl-praeshybwechs;Präsenzvorlesung mit einzelnen hybriden Terminen ;Dieser Text muss geschrieben werden.;-;-;-;-;-;-;-;-;-;-;-;privateEcke, wartezeitHyb, darstellungsformen;moderationHybSimple;moderationHybSimple;moderationHybGr;woechCheckin;woechCheckin;woechCheckin;woechCheckin, reflexionAsync;-;-;-;-
vl-hybpraeswechs;Synchron-hybride Vorlesung mit einzelnen Präsenzterminen;Dieser Text muss geschrieben werden.;-;-;-;-;-;-;-;-;-;-;-;privateEcke, wartezeitHyb, darstellungsformen;moderationHybSimple;moderationHybSimple;moderationHybGr;woechCheckin;woechCheckin;woechCheckin;woechCheckin, reflexionAsync;;;;
vl-hybrem;Synchron-hybride standortübergreifende Vorlesung mit einzelnen Online-Teilnehmenden;"In diesem Szenario sind zwei Hörsäle in zwei verschiedenen Standorten über das Internet verbunden, jeweils mit einer Präsenzgruppe von Studierenden und einer Lehrperson. Studierende besuchen die Vorlesung in Präsenz in dem jeweiligen Standort oder online und die Lehrenden übernehmen i.d.R. abwechselnd die Leitung verschiedener Teile des Unterrichts. Die Studierenden und Lehrenden in beiden Standorten sowie die Online-Teilnehmenden können sich gegenseitig sehen und hören. Die Vorlesung wird von einem Learning Management System (z.B. Moodle) begleitet, in dem idealerweise alle Studierenden aus beiden Standorten eingeschrieben sind.
<br><br>
Dieses Lehrformat ermöglicht eine Perspektivenvielfalt im Studium durch Austausch zwischen Ländern, Hochschulen oder Disziplinen, während die Interaktionsvorteile einer Präsenzveranstaltung beibehalten werden. <a href='https://www.e-teaching.org/praxis/hybride-lernraeume/standortuebergreifendes-hybridseminar-konzept' title='e-teaching.org: Standortübergreifendes Hybridseminar'></a> Für die Lehrenden kann das Co-Teaching im Rahmen einer standortübergreifenden Vorlesung nicht nur auf organisatorische Ebene hilfreich sein, sondern es ermöglicht ihnen auch, vom gegenseitigen Unterrichtsstil zu lernen.
";-;-;-;-;-;-;-;-;-;-;-;privateEcke, wartezeitHyb, darstellungsformen;moderationHybSimple;moderationHybSimple;moderationHybGr;woechCheckin;woechCheckin;woechCheckin;woechCheckin, reflexionAsync;-;-;-;-
se-hybrem;Synchron-hybrides standortübergreifendes Seminar mit einzelnen Online-Teilnehmenden;"In diesem Szenario sind zwei Seminarräume in zwei verschiedenen Standorten über das Internet verbunden, jeweils mit einer Präsenzgruppe von Studierenden und einer Lehrperson. Studierende besuchen das Seminar in Präsenz in dem jeweiligen Standort oder online und die Lehrenden übernehmen i.d.R. abwechselnd die Leitung verschiedener Teile des Unterrichts. Die Studierenden und Lehrenden in beiden Standorten sowie die Online-Teilnehmenden können sich gegenseitig sehen und hören. Das Seminar wird von einem Learning Management System (z.B. Moodle) begleitet, in dem idealerweise alle Studierenden aus beiden Standorten eingeschrieben sind.
<br><br>
Dieses Lehrformat ermöglicht eine Perspektivenvielfalt im Studium durch Austausch zwischen Ländern, Hochschulen oder Disziplinen, während die Interaktionsvorteile einer Präsenzveranstaltung beibehalten werden. <a href='https://www.e-teaching.org/praxis/hybride-lernraeume/standortuebergreifendes-hybridseminar-konzept' title='e-teaching.org: Standortübergreifendes Hybridseminar'></a> Für die Lehrenden kann das Co-Teaching im Rahmen einer standortübergreifenden Vorlesung nicht nur auf organisatorische Ebene hilfreich sein, sondern es ermöglicht ihnen auch, vom gegenseitigen Unterrichtsstil zu lernen.
";-;-;-;-;-;-;-;-;-;-;-;privateEcke, wartezeitHyb, darstellungsformen;moderationHybSimple;moderationHybSimple;moderationHybGr;woechCheckin;woechCheckin;woechCheckin;woechCheckin, reflexionAsync;-;-;-;-
